C10-1010	2	1
C10-1012	4	1
C10-1014	3	1
C10-1028	2	1
C10-1067	3	1
C10-1069	4	2
C10-1073	2	1
C10-1074	7	2
C10-1081	2	1
C10-1087	4	1
C10-1117	6	1
C10-1121	3	1
C10-1127	3	2
C10-1141	5	1
C10-1143	4	2
C10-1145	4	2
C10-1146	2	1
C10-1152	3	1
C10-2008	2	1
C10-2013	4	3
C10-2028	3	2
C10-2050	5	1
C10-2063	2	1
C10-2070	6	3
C10-2072	5	2
C10-2085	4	2
C10-2088	3	1
C10-2091	3	2
C10-2092	3	1
C10-2103	2	1
C10-2105	4	2
C10-2127	4	3
C10-2143	2	1
C10-2152	4	2
C10-2168	6	3
C10-2172	6	4
C12-1002	5	3
C12-1003	3	1
C12-1011	3	1
C12-1025	2	1
C12-1026	5	3
C12-1028	5	2
C12-1029	2	1
C12-1044	2	1
C12-1047	5	1
C12-1049	4	1
C12-1058	2	1
C12-1076	11	3
C12-1080	3	1
C12-1082	2	1
C12-1083	5	1
C12-1105	3	1
C12-1108	2	1
C12-1109	4	1
C12-1110	2	1
C12-1121	3	1
C12-1125	3	1
C12-1127	4	1
C12-1135	3	1
C12-1141	3	1
C12-1143	3	1
C12-1149	5	1
C12-1155	9	2
C12-1174	2	1
C12-1175	3	1
C12-1183	3	1
C12-2015	2	1
C12-2032	2	1
C12-2033	4	1
C12-2038	2	1
C12-2039	2	1
C12-2046	4	1
C12-2047	3	1
C12-2048	2	1
C12-2050	3	1
C12-2052	2	1
C12-2054	3	1
C12-2056	2	1
C12-2058	2	1
C12-2064	3	1
C12-2074	3	1
C12-2082	4	1
C12-2091	4	1
C12-2097	2	1
C12-2105	5	1
C12-2107	2	1
C12-2111	4	3
C12-2115	2	1
C12-2118	3	1
C12-2135	2	1
C12-3005	2	1
C12-3015	3	1
C12-3016	2	1
C12-3040	4	1
C12-3058	2	1
C12-3061	8	1
C14-1011	4	3
C14-1020	7	2
C14-1025	2	1
C14-1029	3	1
C14-1031	2	1
C14-1033	4	1
C14-1053	4	2
C14-1091	4	1
C14-1096	4	1
C14-1100	11	1
C14-1129	6	5
C14-1130	2	1
C14-1133	4	2
C14-1135	6	2
C14-1142	2	1
C14-1155	3	2
C14-1156	6	3
C14-1170	3	2
C14-1182	2	1
C14-1184	7	1
C14-1190	3	1
C14-1196	4	1
C14-1197	3	1
C14-1206	4	1
C16-1005	8	1
C16-1009	3	1
C16-1010	3	1
C16-1015	5	1
C16-1021	5	2
C16-1024	2	1
C16-1036	5	1
C16-1040	4	3
C16-1042	3	2
C16-1043	3	1
C16-1048	7	1
C16-1057	2	1
C16-1066	3	1
C16-1083	5	1
C16-1086	3	1
C16-1099	4	1
C16-1100	7	6
C16-1102	3	1
C16-1110	5	2
C16-1138	7	5
C16-1140	2	1
C16-1142	2	1
C16-1143	3	2
C16-1145	3	1
C16-1160	4	1
C16-1164	5	4
C16-1166	5	1
C16-1172	4	1
C16-1176	5	4
C16-1194	4	1
C16-1195	3	1
C16-1196	5	1
C16-1204	2	1
C16-1211	5	1
C16-1218	6	4
C16-1235	4	3
C16-1243	3	1
C16-1247	3	1
C16-1251	4	2
C16-1252	6	1
C16-1257	3	1
C16-1258	3	1
C16-1259	2	1
C16-1262	2	1
C16-1269	3	1
C16-1272	5	1
C16-1275	7	5
C16-1278	4	1
C16-1282	4	3
C16-1291	4	2
C16-1292	5	1
C16-1294	6	3
C16-1298	3	1
C16-1301	3	1
C16-1320	11	1
C16-1323	5	2
C16-1324	5	1
C16-1325	6	5
C16-1331	3	1
C16-1334	3	1
D10-1007	3	2
D10-1013	6	5
D10-1033	4	1
D10-1039	3	1
D10-1044	3	1
D10-1058	2	1
D10-1062	2	1
D10-1076	4	1
D10-1079	7	1
D10-1101	2	1
D10-1110	6	1
D11-1009	2	1
D11-1036	3	1
D11-1046	3	1
D11-1062	5	4
D11-1073	5	4
D11-1108	4	1
D11-1121	5	3
D11-1134	3	2
D11-1143	3	2
D12-1006	3	2
D12-1034	7	1
D12-1057	5	1
D12-1066	3	1
D12-1077	3	1
D12-1096	4	1
D12-1103	3	2
D12-1108	3	1
D13-1002	7	1
D13-1006	4	1
D13-1021	3	1
D13-1023	4	1
D13-1024	5	2
D13-1032	3	1
D13-1037	3	1
D13-1042	3	1
D13-1045	5	4
D13-1048	3	1
D13-1053	3	2
D13-1055	2	1
D13-1056	4	1
D13-1063	4	2
D13-1065	7	1
D13-1068	2	1
D13-1069	2	1
D13-1070	5	4
D13-1075	2	1
D13-1082	6	4
D13-1085	4	2
D13-1093	4	3
D13-1103	3	2
D13-1111	4	1
D13-1112	4	2
D13-1138	4	1
D13-1139	5	1
D13-1177	7	1
D13-1182	5	1
D13-1194	2	1
D13-1196	3	1
D13-1202	5	1
D14-1003	4	1
D14-1006	2	1
D14-1007	6	3
D14-1015	8	3
D14-1016	4	3
D14-1017	4	1
D14-1022	4	3
D14-1051	6	2
D14-1063	2	1
D14-1067	3	2
D14-1086	4	2
D14-1093	5	4
D14-1094	3	2
D14-1103	5	1
D14-1106	3	2
D14-1111	3	1
D14-1121	8	1
D14-1123	7	1
D14-1136	6	1
D14-1142	3	2
D14-1151	2	1
D14-1155	4	1
D14-1159	8	1
D14-1165	4	1
D14-1167	4	3
D14-1169	5	2
D14-1179	7	3
D14-1180	2	1
D14-1184	3	1
D14-1188	2	1
D14-1199	4	2
D15-1002	4	1
D15-1006	5	4
D15-1007	7	1
D15-1014	2	1
D15-1021	7	4
D15-1023	3	2
D15-1025	3	1
D15-1030	3	2
D15-1031	5	2
D15-1033	2	1
D15-1034	3	2
D15-1035	2	1
D15-1036	4	2
D15-1037	3	2
D15-1043	2	1
D15-1055	3	1
D15-1058	3	1
D15-1060	4	1
D15-1073	3	2
D15-1074	2	1
D15-1078	6	3
D15-1082	6	1
D15-1083	2	1
D15-1084	3	2
D15-1089	3	1
D15-1097	6	1
D15-1109	4	1
D15-1121	3	1
D15-1130	4	2
D15-1131	4	3
D15-1153	2	1
D15-1165	5	1
D15-1174	6	1
D15-1190	4	1
D15-1192	3	1
D15-1195	4	1
D15-1196	4	1
D15-1201	3	2
D15-1208	2	1
D15-1211	5	4
D15-1218	5	4
D15-1233	3	2
D15-1250	5	2
D15-1255	2	1
D15-1256	2	1
D15-1258	2	1
D15-1259	5	4
D15-1267	3	1
D15-1268	6	1
D15-1269	7	5
D15-1272	4	2
D15-1288	4	1
D15-1302	6	3
D15-1303	3	2
D15-1309	4	1
D15-1310	3	2
D16-1013	6	1
D16-1025	4	1
D16-1026	5	1
D16-1029	4	1
D16-1033	4	1
D16-1034	4	1
D16-1036	8	1
D16-1039	4	3
D16-1044	6	1
D16-1045	2	1
D16-1047	3	2
D16-1048	4	1
D16-1063	5	3
D16-1067	5	2
D16-1068	3	1
D16-1070	3	2
D16-1071	3	1
D16-1086	4	1
D16-1094	3	1
D16-1099	2	1
D16-1104	5	4
D16-1106	4	1
D16-1120	3	1
D16-1123	3	1
D16-1124	2	1
D16-1128	3	1
D16-1129	2	1
D16-1136	5	1
D16-1149	5	1
D16-1154	4	1
D16-1169	3	2
D16-1171	5	1
D16-1177	8	1
D16-1184	4	1
D16-1188	3	1
D16-1190	5	1
D16-1217	8	2
D16-1224	5	1
D16-1255	3	1
D16-1256	3	1
D16-1263	6	1
D17-1024	3	1
D17-1030	2	1
D17-1035	2	1
D17-1043	4	1
D17-1055	6	1
D17-1056	4	1
D17-1070	5	4
D17-1084	4	2
D17-1087	4	3
D17-1098	4	2
D17-1110	4	1
D17-1141	4	1
D17-1144	2	1
D17-1145	4	1
D17-1147	3	1
D17-1152	7	1
D17-1155	5	3
D17-1163	6	2
D17-1169	5	1
D17-1181	2	1
D17-1186	4	1
D17-1188	2	1
D17-1193	5	1
D17-1217	3	2
D17-1218	5	1
D17-1220	5	3
D17-1228	4	2
D17-1231	4	1
D17-1234	5	4
D17-1240	7	3
D17-1245	3	1
D17-1248	3	1
D17-1249	4	1
D17-1250	6	2
D17-1255	3	1
D17-1260	5	2
D17-1262	4	3
D17-1263	3	2
D17-1264	2	1
D17-1288	2	1
D17-1293	5	2
D17-1294	5	4
D17-1298	4	1
D17-1302	4	1
D17-1304	7	4
D17-1307	2	1
D17-1312	3	2
D17-1320	2	1
D17-1321	4	1
D17-2002	6	1
D17-2004	2	1
D17-2005	4	1
D17-2006	6	1
D17-2007	9	3
D17-2008	2	1
D17-2009	6	1
D17-2010	6	2
D17-2012	2	1
D17-2014	8	1
D17-2017	3	2
E12-1004	4	3
E12-1013	3	1
E12-1014	4	1
E12-1017	5	1
E12-1028	2	1
E12-1030	2	1
E12-1039	3	1
E12-1056	2	1
E12-1057	4	1
E12-1058	3	1
E12-1059	6	1
E12-1066	2	1
E12-1072	3	1
E12-1073	3	1
E12-1079	3	1
E12-2006	7	3
E12-2008	3	2
E14-1008	3	2
E14-1009	2	1
E14-1018	3	2
E14-1021	3	1
E14-1023	5	1
E14-1035	4	1
E14-1036	2	1
E14-1061	4	3
E14-1069	2	1
E14-1070	3	2
E14-1073	3	1
E14-1074	5	1
E14-3010	2	1
E14-4002	4	1
E14-4010	2	1
E14-4017	4	1
E14-4025	5	1
E14-4029	4	3
E14-4039	2	1
E17-1003	2	1
E17-1007	3	2
E17-1012	4	1
E17-1017	8	7
E17-1024	5	4
E17-1031	2	1
E17-1040	4	1
E17-1045	4	1
E17-1046	4	3
E17-1049	3	2
E17-1051	3	2
E17-1055	2	1
E17-1057	3	2
E17-1066	2	1
E17-1082	5	2
E17-1084	5	1
E17-1092	2	1
E17-1093	7	3
E17-1103	5	1
E17-1106	7	2
E17-1111	3	2
E17-2015	3	2
E17-2032	6	2
E17-2035	4	3
E17-2040	3	2
E17-2077	8	7
E17-2079	2	1
E17-2084	3	2
E17-2090	3	1
E17-2091	2	1
E17-2103	3	1
E17-2110	3	2
E17-2118	5	3
E17-4006	2	1
E17-4012	3	2
I11-1008	3	2
I11-1012	4	3
I11-1038	4	2
I11-1039	3	2
I11-1043	3	2
I11-1048	3	2
I11-1058	5	2
I11-1059	2	1
I11-1067	3	1
I11-1074	2	1
I11-1084	4	3
I11-1091	2	1
I11-1096	7	3
I11-1099	2	1
I11-1108	4	1
I11-1113	4	1
I11-1132	4	2
I11-1148	3	1
I11-1153	5	1
I11-1155	3	1
I11-1168	6	5
I13-1015	5	2
I13-1026	3	1
I13-1027	4	1
I13-1033	3	1
I13-1042	3	2
I13-1054	3	2
I13-1057	3	2
I13-1059	2	1
I13-1061	3	2
I13-1087	3	2
I13-1098	4	2
I13-1104	3	2
I13-1111	2	1
I13-1112	3	1
I13-1117	2	1
I13-1118	5	1
I13-1120	3	2
I13-1126	3	1
I13-1139	2	1
I13-1140	3	1
I13-1143	4	2
I13-1146	3	2
I13-1148	8	2
I13-1150	4	1
I13-1158	4	3
I13-1160	5	2
I13-1169	2	1
I13-1178	3	2
I13-1187	4	1
I13-1188	3	2
I17-1002	5	2
I17-1005	3	1
I17-1013	2	1
I17-1016	5	3
I17-1041	2	1
I17-1047	7	2
I17-1051	2	1
I17-1052	3	2
I17-1055	3	1
I17-1066	2	1
I17-1081	3	1
I17-1093	3	1
I17-1099	6	1
I17-1100	4	1
I17-2001	3	1
I17-2002	6	1
I17-2009	3	1
I17-2014	6	4
I17-2016	2	1
I17-2023	3	1
I17-2029	5	3
I17-2036	6	3
I17-2042	3	2
I17-2045	5	3
I17-2046	4	1
I17-2047	4	1
I17-2051	4	1
I17-2061	2	1
I17-2069	5	2
I17-2070	2	1
K15-1004	3	1
K15-1010	3	2
K15-1017	4	2
K15-1021	2	1
K15-1033	5	1
K15-1036	4	1
K15-2007	6	1
K16-1003	5	1
K16-1009	3	1
K16-1012	3	2
K16-1014	2	1
K16-1023	2	1
K16-1026	5	3
K16-1028	5	4
K16-1031	2	1
K16-2002	7	1
K16-2003	5	4
K16-2019	8	4
K17-1008	6	1
K17-1010	4	3
K17-1016	3	2
K17-1017	3	2
K17-1032	3	1
K17-1037	3	2
K17-2001	11	1
K17-2003	2	1
K17-2004	3	2
K17-2010	4	1
K17-3001	62	9
K17-3017	3	2
K17-3022	7	1
K17-3026	3	1
N10-1034	2	1
N10-1036	6	5
N10-1042	4	3
N10-1050	3	2
N10-1068	5	1
N10-1073	2	1
N10-1074	3	2
N10-1080	3	1
N10-1099	3	2
N10-1108	4	1
N10-1113	3	2
N10-1128	2	1
N10-1131	2	1
N10-1138	4	1
N10-1139	5	1
N10-3007	3	1
N12-1005	3	1
N12-1006	9	1
N12-1010	4	3
N12-1043	3	2
N12-1055	3	2
N12-1056	2	1
N12-1062	3	1
N12-1078	3	1
N12-1082	3	1
N12-1083	3	1
N12-1085	4	1
N12-1087	3	2
N13-1004	3	1
N13-1006	4	3
N13-1007	6	1
N13-1020	4	1
N13-1039	6	1
N13-1056	2	1
N13-1067	3	2
N13-1070	6	1
N13-1075	4	1
N13-1076	5	1
N13-1090	3	1
N13-1092	3	1
N13-1106	4	1
N13-1114	3	1
N13-1115	3	2
N13-1123	2	1
N13-1133	3	1
N13-1138	2	1
N15-1002	3	1
N15-1007	3	1
N15-1017	7	1
N15-1020	9	2
N15-1031	4	3
N15-1039	2	1
N15-1042	4	2
N15-1044	11	2
N15-1045	2	1
N15-1049	5	1
N15-1055	2	1
N15-1058	3	1
N15-1069	2	1
N15-1075	2	1
N15-1089	5	4
N15-1091	2	1
N15-1101	2	1
N15-1103	5	1
N15-1104	4	1
N15-1118	3	1
N15-1139	4	1
N15-1141	11	1
N15-1154	2	1
N15-1167	4	1
N15-1170	4	1
N15-1175	5	1
N15-2019	2	1
N16-1013	4	1
N16-1018	9	8
N16-1029	7	6
N16-1045	3	2
N16-1046	4	2
N16-1066	8	1
N16-1078	2	1
N16-1083	2	1
N16-1089	3	2
N16-1091	3	2
N16-1097	3	1
N16-1101	3	1
N16-1104	6	1
N16-1109	5	1
N16-1125	7	1
N16-1137	2	1
N16-1138	2	1
N16-1139	3	2
N16-1143	7	2
N16-1147	15	4
N16-1157	2	1
N16-1165	5	1
N16-1172	2	1
N16-2010	2	1
N16-2012	3	2
N16-2017	3	2
P10-1015	3	2
P10-1027	4	3
P10-1036	6	2
P10-1049	3	1
P10-1052	3	2
P10-1055	3	1
P10-1059	3	1
P10-1065	3	2
P10-1069	2	1
P10-1077	3	2
P10-1095	3	2
P10-1101	4	3
P10-1113	3	2
P10-1118	4	1
P10-1143	2	1
P10-2014	2	1
P10-2022	5	4
P10-2026	4	2
P10-2032	3	2
P10-2043	2	1
P10-2049	2	1
P10-2060	4	2
P10-2065	3	2
P10-4009	15	1
P10-4010	2	1
P11-1001	2	1
P11-1016	5	3
P11-1046	5	1
P11-1064	5	1
P11-1071	2	1
P11-1079	4	1
P11-1097	4	1
P11-1109	5	2
P11-1116	5	2
P11-1121	3	1
P11-2004	2	1
P11-2053	6	1
P11-2055	3	1
P11-2059	4	1
P11-2069	3	1
P11-2070	3	1
P11-2072	3	1
P11-2083	3	2
P11-2092	2	1
P11-2093	3	1
P11-4013	4	1
P11-4017	3	1
P12-1001	5	2
P12-1003	4	1
P12-1009	3	2
P12-1013	4	2
P12-1015	4	3
P12-1017	3	1
P12-1018	4	1
P12-1063	6	1
P12-1076	3	1
P12-1079	5	3
P12-1102	2	1
P12-2006	3	2
P12-2050	4	1
P12-2052	3	1
P12-2060	2	1
P12-2067	6	1
P12-2076	4	2
P12-3001	5	2
P12-3006	2	1
P12-3011	6	1
P12-3015	3	1
P12-3020	5	1
P12-3025	4	1
P13-1032	3	1
P13-1050	3	2
P13-1060	2	1
P13-1061	3	1
P13-1070	2	1
P13-1071	3	1
P13-1082	3	2
P13-1087	4	1
P13-1091	6	1
P13-1094	2	1
P13-1104	2	1
P13-1108	3	2
P13-1115	4	1
P13-1119	4	1
P13-1122	3	2
P13-1126	3	1
P13-1131	5	2
P13-1134	2	1
P13-1138	3	1
P13-1149	4	1
P13-1154	3	1
P13-1163	8	1
P13-1170	6	1
P13-2009	3	2
P13-2010	4	1
P13-2012	11	1
P13-2017	13	1
P13-2026	4	2
P13-2029	3	1
P13-2037	3	2
P13-2044	4	1
P13-2047	4	2
P13-2051	4	1
P13-2055	3	2
P13-2074	2	1
P13-2078	2	1
P13-2080	4	1
P13-2090	3	2
P13-2091	5	3
P13-2100	2	1
P13-2102	3	2
P13-2123	4	1
P13-2127	3	2
P13-2135	4	3
P13-2150	2	1
P13-3019	3	2
P13-4001	4	1
P13-4004	5	2
P13-4007	5	1
P13-4010	5	1
P13-4011	8	1
P13-4015	4	1
P13-4019	4	1
P13-4021	3	1
P13-4022	4	3
P13-4026	8	1
P13-4027	3	1
P13-4033	4	1
P14-1017	3	2
P14-1021	3	2
P14-1027	4	1
P14-1035	3	2
P14-1047	3	2
P14-1050	6	1
P14-1071	3	1
P14-1079	6	1
P14-1082	2	1
P14-1087	4	1
P14-1090	2	1
P14-1093	7	1
P14-1100	3	2
P14-1108	6	5
P14-1122	5	1
P14-1131	2	1
P14-1139	4	3
P14-2001	4	1
P14-2008	2	1
P14-2014	7	2
P14-2015	3	2
P14-2023	2	1
P14-2031	2	1
P14-2035	3	2
P14-2039	4	1
P14-2058	3	2
P14-2063	2	1
P14-2084	4	1
P14-2095	2	1
P14-2096	3	2
P14-2112	3	1
P14-2123	2	1
P14-2125	5	4
P14-3006	2	1
P14-5001	5	4
P14-5006	4	1
P14-5007	13	1
P14-5011	4	1
P14-5016	4	1
P14-5017	6	4
P14-5020	5	2
P15-1001	4	1
P15-1007	2	1
P15-1028	3	2
P15-1029	2	1
P15-1037	2	1
P15-1040	5	2
P15-1042	4	3
P15-1045	4	3
P15-1052	4	2
P15-1069	3	2
P15-1070	2	1
P15-1071	3	2
P15-1108	4	1
P15-1139	4	3
P15-1141	7	1
P15-1143	3	1
P15-1146	6	1
P15-1160	5	1
P15-1161	3	2
P15-1164	3	1
P15-1165	6	1
P15-1166	5	4
P15-1173	2	1
P15-2002	3	1
P15-2010	6	1
P15-2017	8	4
P15-2025	2	1
P15-2028	2	1
P15-2029	4	3
P15-2036	6	1
P15-2041	3	2
P15-2067	6	1
P15-2070	5	1
P15-2073	9	1
P15-2078	3	2
P15-2084	2	1
P15-2089	4	2
P15-2090	3	1
P15-2091	2	1
P15-2097	4	1
P15-2101	6	1
P15-2106	5	3
P15-2124	3	2
P15-2129	4	1
P15-2130	8	6
P15-2144	4	3
P15-3005	5	1
P15-4003	3	1
P15-4009	3	2
P16-1007	5	2
P16-1014	5	1
P16-1023	2	1
P16-1033	7	6
P16-1035	3	2
P16-1041	5	1
P16-1047	3	1
P16-1056	7	1
P16-1058	2	1
P16-1065	3	2
P16-1067	4	3
P16-1076	3	2
P16-1080	5	1
P16-1084	5	3
P16-1088	2	1
P16-1089	3	2
P16-1093	3	2
P16-1099	6	5
P16-1102	5	4
P16-1115	3	1
P16-1123	4	3
P16-1126	14	2
P16-1128	2	1
P16-1130	5	2
P16-1134	5	2
P16-1136	5	1
P16-1144	9	3
P16-1150	2	1
P16-1155	3	1
P16-1159	7	5
P16-1160	3	1
P16-1169	6	5
P16-1170	6	2
P16-1172	2	1
P16-1183	2	1
P16-1185	7	5
P16-1186	3	1
P16-1191	2	1
P16-1194	4	1
P16-1200	5	1
P16-1207	3	1
P16-1219	3	2
P16-2005	3	1
P16-2009	2	1
P16-2010	3	2
P16-2030	8	1
P16-2037	4	1
P16-2043	3	2
P16-2049	4	1
P16-2051	3	2
P16-2053	3	1
P16-2083	2	1
P16-2090	2	1
P16-2091	3	1
P16-2093	2	1
P16-3007	3	2
P16-3020	3	2
P16-4005	5	1
P16-4007	11	6
P16-4011	3	2
P16-4017	4	1
P16-4026	3	1
P16-4028	10	1
P17-1002	3	1
P17-1004	3	1
P17-1012	4	1
P17-1013	4	1
P17-1021	7	6
P17-1024	7	1
P17-1045	7	5
P17-1050	4	3
P17-1051	3	2
P17-1057	3	2
P17-1061	3	1
P17-1078	3	2
P17-1081	6	5
P17-1087	4	3
P17-1099	3	2
P17-1100	2	1
P17-1103	6	1
P17-1124	2	1
P17-1125	7	2
P17-1133	4	1
P17-1139	5	1
P17-1157	6	3
P17-1158	4	1
P17-1159	5	4
P17-1169	6	2
P17-1174	8	6
P17-1185	5	1
P17-1187	4	1
P17-1195	5	4
P17-2002	5	1
P17-2005	2	1
P17-2010	3	2
P17-2013	6	2
P17-2020	4	1
P17-2027	2	1
P17-2036	6	5
P17-2037	3	2
P17-2039	7	1
P17-2048	3	1
P17-2056	5	2
P17-2058	3	2
P17-2063	2	1
P17-2079	9	2
P17-2080	8	1
P17-2081	3	2
P17-2096	6	4
P17-2102	4	1
P17-2103	8	2
P17-2104	5	1
P17-3005	7	4
P17-4004	2	1
P17-4005	2	1
P17-4007	8	2
P17-4009	6	1
P17-4011	8	2
P17-4012	5	1
P17-4013	11	9
S10-1005	6	1
S10-1006	9	1
S10-1011	4	1
S10-1089	6	1
S12-1034	3	1
S12-1059	4	1
S12-1072	5	3
S12-1090	10	1
S13-1028	3	2
S13-1032	9	1
S13-1042	8	1
S13-2001	6	3
S13-2041	6	1
S13-2042	11	8
S13-2044	4	1
S13-2066	4	3
S13-2073	9	8
S13-2080	7	1
S13-2083	4	1
S13-2085	7	1
S13-2094	4	1
S13-2106	10	8
S13-2108	3	1
S14-1004	3	1
S14-1006	3	1
S14-1010	5	1
S14-2001	6	3
S14-2004	6	5
S14-2008	8	1
S14-2010	10	1
S14-2012	3	1
S14-2030	3	1
S14-2098	5	1
S14-2103	9	1
S14-2126	3	1
S14-2128	6	5
S14-2131	4	3
S14-2133	3	1
S14-2137	5	4
S15-1009	18	1
S15-1010	4	1
S15-1023	6	1
S15-1032	2	1
S15-2017	7	1
S15-2045	13	1
S15-2047	6	1
S15-2051	6	2
S15-2095	3	2
S15-2097	4	1
S15-2110	8	7
S15-2122	4	1
S15-2134	6	2
S15-2142	4	1
S15-2151	4	2
S15-2153	8	1
S16-1001	5	1
S16-1002	18	1
S16-1008	6	1
S16-1010	2	1
S16-1050	5	1
S16-1053	3	2
S16-1081	8	1
S16-1082	6	1
S16-1083	8	1
S16-1102	3	1
S16-1119	3	1
S16-1120	3	1
S16-1129	12	1
S16-1141	3	2
S16-1142	2	1
S16-1167	4	3
S16-1168	3	2
S16-1169	2	1
S16-1200	5	1
S16-1201	7	2
S16-1206	8	1
S16-2002	2	1
S16-2009	4	1
S16-2017	5	2
S16-2022	4	2
S17-1018	3	2
S17-1026	4	1
S17-2001	5	1
S17-2003	7	1
S17-2005	3	1
S17-2006	6	1
S17-2032	4	1
S17-2037	4	1
S17-2047	5	2
S17-2058	7	3
S17-2088	3	1
S17-2089	7	1
S17-2091	5	1
S17-2098	4	2
S17-2115	2	1
S17-2132	5	1
S17-2134	4	1
S17-2171	3	2
S17-2180	3	1
W10-0212	5	1
W10-0303	3	2
W10-0409	2	1
W10-0608	3	2
W10-0707	4	2
W10-0802	2	1
W10-0907	4	1
W10-0913	2	1
W10-1002	7	1
W10-1008	2	1
W10-1104	4	2
W10-1105	5	1
W10-1108	14	1
W10-1112	3	1
W10-1301	5	3
W10-1401	9	1
W10-1406	3	1
W10-1409	2	1
W10-1410	5	1
W10-1604	3	2
W10-1618	3	1
W10-1704	4	1
W10-1716	3	1
W10-1717	7	1
W10-1749	2	1
W10-1750	5	4
W10-1759	3	1
W10-1760	3	1
W10-1762	5	1
W10-1763	4	1
W10-1804	4	1
W10-1806	4	1
W10-1812	5	2
W10-1829	15	1
W10-1837	4	1
W10-1838	4	1
W10-1844	6	1
W10-1909	3	1
W10-1914	3	1
W10-1921	4	1
W10-2110	6	2
W10-2211	4	1
W10-2403	3	1
W10-2404	3	1
W10-2414	3	2
W10-2415	4	1
W10-2501	3	1
W10-2503	2	1
W10-2608	3	2
W10-2702	7	1
W10-2707	5	3
W10-2708	4	2
W10-2909	3	2
W10-2914	3	2
W10-3201	4	2
W10-3203	4	3
W10-3207	2	1
W10-3210	4	2
W10-3218	2	1
W10-3220	3	2
W10-3301	6	3
W10-3308	4	3
W10-3501	3	2
W10-3507	6	4
W10-3601	3	2
W10-3802	3	2
W10-3807	2	1
W10-3904	9	8
W10-4003	4	2
W10-4005	4	2
W10-4009	5	1
W10-4302	3	1
W10-4326	5	2
W10-4332	3	1
W10-4354	3	2
W10-4358	5	4
W10-4406	2	1
W11-0203	6	1
W11-0205	5	3
W11-0209	3	2
W11-0317	5	1
W11-0321	3	1
W11-0417	3	2
W11-0502	4	3
W11-0505	3	1
W11-0702	6	4
W11-0705	5	1
W11-1006	2	1
W11-1010	4	1
W11-1209	2	1
W11-1215	11	2
W11-1302	2	1
W11-1309	2	1
W11-1310	4	1
W11-1406	4	1
W11-1412	5	1
W11-1414	3	1
W11-1509	5	1
W11-1610	4	1
W11-1611	3	1
W11-1701	6	1
W11-1704	10	2
W11-1711	3	2
W11-1714	3	1
W11-1720	5	2
W11-1809	5	1
W11-1810	7	4
W11-1815	5	1
W11-1817	2	1
W11-1826	3	1
W11-1828	2	1
W11-2002	14	1
W11-2008	3	1
W11-2010	2	1
W11-2023	4	1
W11-2027	4	2
W11-2028	6	1
W11-2030	6	1
W11-2103	4	1
W11-2104	4	1
W11-2105	2	1
W11-2124	4	2
W11-2132	4	1
W11-2135	11	1
W11-2142	14	4
W11-2144	5	3
W11-2145	4	1
W11-2146	5	1
W11-2147	3	1
W11-2149	10	1
W11-2154	7	2
W11-2158	7	1
W11-2160	5	1
W11-2211	4	1
W11-2301	7	4
W11-2303	5	3
W11-2311	3	2
W11-2315	4	1
W11-2504	3	1
W11-2601	4	1
W11-2701	2	1
W11-2810	3	2
W11-2903	3	1
W11-2911	3	2
W11-2919	2	1
W11-2928	2	1
W11-3002	3	2
W11-3101	4	2
W11-3208	4	1
W11-3306	3	1
W11-3309	4	3
W11-3310	4	1
W11-3311	8	7
W11-3403	5	3
W11-3408	2	1
W11-3501	4	2
W11-3505	4	1
W11-3705	5	4
W11-3709	2	1
W11-3712	3	2
W11-3807	3	1
W11-4111	2	1
W11-4308	2	1
W11-4407	4	1
W11-4615	2	1
W11-4616	4	1
W11-4634	2	1
W12-0104	3	2
W12-0201	4	1
W12-0202	5	2
W12-0215	3	1
W12-0406	2	1
W12-0508	3	1
W12-0514	3	1
W12-0606	3	2
W12-0702	3	2
W12-0802	2	1
W12-1009	3	1
W12-1010	3	1
W12-1105	5	1
W12-1107	4	1
W12-1109	3	1
W12-1302	6	4
W12-1309	5	1
W12-1402	3	1
W12-1404	3	1
W12-1702	3	2
W12-1902	6	2
W12-1904	3	1
W12-2002	6	5
W12-2020	4	1
W12-2023	4	2
W12-2104	6	1
W12-2107	4	1
W12-2410	8	1
W12-2412	5	1
W12-2413	6	2
W12-2418	5	1
W12-2505	3	1
W12-2603	2	1
W12-2606	3	1
W12-2701	3	1
W12-2702	3	1
W12-2704	2	1
W12-2801	8	1
W12-2802	4	1
W12-2906	3	2
W12-2907	5	1
W12-2910	3	1
W12-3001	3	1
W12-3012	7	1
W12-3018	3	1
W12-3102	6	1
W12-3117	6	2
W12-3120	3	2
W12-3127	3	1
W12-3133	6	3
W12-3134	5	1
W12-3137	5	1
W12-3140	13	4
W12-3141	9	1
W12-3144	6	1
W12-3152	3	1
W12-3155	4	1
W12-3156	2	1
W12-3406	3	1
W12-3411	3	2
W12-3603	2	1
W12-3611	5	4
W12-3805	3	1
W12-4001	3	1
W12-4201	5	1
W12-4210	3	2
W12-4305	6	4
W12-4511	5	3
W12-4607	2	1
W12-4610	5	1
W12-4624	2	1
W12-4625	3	1
W12-4702	3	2
W12-4904	3	1
W12-5205	3	1
W12-5213	2	1
W12-5613	3	2
W12-5701	3	1
W12-5805	3	2
W12-5806	3	1
W12-5812	3	1
W12-6102	3	1
W12-6303	3	1
W12-6304	3	2
W12-6319	4	1
W12-6325	5	1
W13-0112	5	1
W13-0113	3	1
W13-0212	7	1
W13-0401	3	1
W13-0402	3	1
W13-0404	5	1
W13-0501	4	1
W13-0507	5	4
W13-0701	2	1
W13-0702	2	1
W13-0803	2	1
W13-0804	4	1
W13-0807	2	1
W13-0909	11	3
W13-1006	3	2
W13-1011	4	1
W13-1017	2	1
W13-1021	9	1
W13-1105	6	3
W13-1202	8	7
W13-1204	3	1
W13-1605	3	2
W13-1606	4	3
W13-1609	3	2
W13-1615	3	2
W13-1704	4	3
W13-1727	4	1
W13-1733	4	2
W13-1736	8	2
W13-1901	7	1
W13-1903	6	2
W13-1905	5	1
W13-2007	4	3
W13-2009	9	1
W13-2023	3	1
W13-2024	5	1
W13-2026	4	1
W13-2102	4	1
W13-2106	2	1
W13-2201	10	1
W13-2204	8	2
W13-2205	10	1
W13-2208	3	1
W13-2223	14	4
W13-2224	8	1
W13-2226	6	1
W13-2229	4	1
W13-2233	2	1
W13-2249	6	5
W13-2260	3	2
W13-2262	3	1
W13-2264	2	1
W13-2303	3	2
W13-2307	8	1
W13-2319	5	1
W13-2413	2	1
W13-2415	3	1
W13-2506	3	2
W13-2513	3	1
W13-2517	3	1
W13-2602	3	2
W13-2604	3	1
W13-2605	3	2
W13-2708	6	1
W13-2713	2	1
W13-2808	3	1
W13-2818	3	2
W13-2906	4	3
W13-2909	3	1
W13-3003	3	2
W13-3105	5	1
W13-3204	3	2
W13-3209	3	1
W13-3308	4	1
W13-3504	4	1
W13-3505	3	2
W13-3511	3	2
W13-3516	8	1
W13-3524	2	1
W13-3613	6	5
W13-3703	3	1
W13-3708	4	3
W13-3724	3	1
W13-3728	5	1
W13-3908	5	1
W13-3913	7	1
W13-3915	8	1
W13-3918	5	1
W13-4002	5	1
W13-4030	3	2
W13-4032	8	1
W13-4037	6	3
W13-4041	5	2
W13-4063	4	1
W13-4305	4	2
W13-4406	3	2
W13-4504	3	1
W13-4601	6	4
W13-4603	3	1
W13-4604	7	5
W13-4707	4	1
W13-4711	2	1
W13-4905	3	1
W13-4917	23	1
W13-5007	4	1
W13-5011	7	1
W13-5101	3	1
W13-5209	5	1
W13-5304	3	2
W13-5609	9	1
W13-5614	3	2
W13-5616	13	12
W13-5617	3	1
W13-5619	9	1
W13-5634	4	1
W14-0105	3	2
W14-0114	8	7
W14-0120	2	1
W14-0128	3	2
W14-0139	2	1
W14-0140	4	2
W14-0142	4	3
W14-0202	4	3
W14-0203	4	1
W14-0307	2	1
W14-0312	2	1
W14-0313	3	2
W14-0402	3	2
W14-0509	3	2
W14-0601	5	3
W14-0604	6	1
W14-0605	3	1
W14-0609	3	2
W14-0703	4	1
W14-0907	4	2
W14-1103	3	1
W14-1206	4	1
W14-1208	3	1
W14-1304	3	1
W14-1306	2	1
W14-1309	2	1
W14-1406	3	2
W14-1601	5	1
W14-1603	3	2
W14-1610	3	1
W14-1615	4	1
W14-1617	2	1
W14-1619	5	2
W14-1707	2	1
W14-1802	4	1
W14-1806	3	2
W14-1815	3	2
W14-1820	5	2
W14-1904	4	1
W14-2001	3	2
W14-2101	3	1
W14-2111	5	1
W14-2306	11	1
W14-2609	3	1
W14-2613	2	1
W14-2615	5	4
W14-2707	4	1
W14-2715	3	2
W14-2807	4	2
W14-2907	7	1
W14-3107	3	2
W14-3205	2	1
W14-3207	3	1
W14-3208	5	4
W14-3209	3	2
W14-3210	3	2
W14-3213	6	1
W14-3214	8	1
W14-3302	13	1
W14-3307	6	2
W14-3312	5	1
W14-3313	8	1
W14-3315	10	1
W14-3317	4	1
W14-3322	4	1
W14-3324	6	1
W14-3330	10	1
W14-3334	3	1
W14-3335	3	2
W14-3346	2	1
W14-3351	3	2
W14-3357	2	1
W14-3363	3	1
W14-4001	3	1
W14-4002	2	1
W14-4006	5	1
W14-4007	3	2
W14-4009	5	1
W14-4012	4	1
W14-4102	4	1
W14-4108	4	1
W14-4207	2	1
W14-4211	6	1
W14-4303	5	2
W14-4304	4	1
W14-4305	2	1
W14-4338	4	1
W14-4725	13	1
W14-4810	4	3
W14-4811	2	1
W14-4905	3	1
W14-4917	2	1
W14-5113	3	2
W14-5118	4	3
W14-5119	3	1
W14-5120	2	1
W14-5122	3	1
W14-5129	3	2
W14-5137	3	1
W14-5201	2	1
W14-5205	4	3
W14-5209	3	1
W14-5210	5	2
W14-5211	2	1
W14-5309	3	1
W14-5316	3	1
W14-5401	3	2
W14-5402	3	2
W14-5413	2	1
W14-5414	5	1
W14-5602	3	1
W14-5802	3	1
W14-5809	3	1
W14-5813	5	4
W14-5815	3	1
W14-6002	6	2
W14-6206	3	2
W14-6301	5	2
W14-6302	2	1
W14-6601	8	1
W14-6607	4	1
W14-6804	3	2
W14-6806	10	1
W14-6808	5	2
W14-6811	5	1
W14-6812	3	2
W14-6817	4	2
W14-6819	7	1
W14-6821	6	2
W14-6828	3	2
W15-0115	2	1
W15-0124	3	2
W15-0125	4	3
W15-0133	4	2
W15-0501	3	1
W15-0601	3	1
W15-0615	3	1
W15-0619	6	1
W15-0626	3	1
W15-0629	2	1
W15-0709	6	3
W15-0710	3	2
W15-0711	6	3
W15-1003	2	1
W15-1203	8	1
W15-1205	4	1
W15-1213	8	1
W15-1301	2	1
W15-1403	2	1
W15-1408	10	2
W15-1604	4	1
W15-1607	13	1
W15-1608	4	2
W15-1609	4	2
W15-1620	3	2
W15-1805	4	1
W15-1806	8	2
W15-1815	6	1
W15-1820	2	1
W15-1821	5	1
W15-1823	7	1
W15-2105	3	2
W15-2107	4	2
W15-2115	2	1
W15-2119	2	1
W15-2124	5	1
W15-2301	6	2
W15-2406	4	1
W15-2412	2	1
W15-2505	3	2
W15-2601	3	2
W15-2607	5	1
W15-2611	8	2
W15-2614	5	1
W15-2618	4	2
W15-2704	2	1
W15-2712	4	1
W15-2806	6	1
W15-2807	3	2
W15-2810	3	2
W15-2811	3	2
W15-2815	3	2
W15-2907	3	1
W15-2925	2	1
W15-3001	14	1
W15-3004	3	2
W15-3008	7	1
W15-3011	8	6
W15-3012	7	2
W15-3014	5	3
W15-3016	11	1
W15-3018	4	1
W15-3023	9	1
W15-3024	5	1
W15-3030	4	2
W15-3031	4	3
W15-3032	3	2
W15-3033	5	1
W15-3034	3	1
W15-3057	7	2
W15-3058	2	1
W15-3060	5	1
W15-3107	5	2
W15-3111	5	2
W15-3118	7	1
W15-3123	7	5
W15-3202	6	4
W15-3306	3	2
W15-3307	4	2
W15-3405	3	1
W15-3408	4	1
W15-3409	3	2
W15-3603	4	1
W15-3706	3	1
W15-3709	3	2
W15-3809	5	2
W15-3813	3	1
W15-3814	6	1
W15-3909	4	1
W15-4006	4	1
W15-4007	2	1
W15-4103	2	1
W15-4201	3	2
W15-4202	3	2
W15-4205	10	8
W15-4302	3	1
W15-4307	3	1
W15-4604	2	1
W15-4606	3	1
W15-4607	3	1
W15-4611	6	1
W15-4634	3	1
W15-4649	4	1
W15-4651	4	1
W15-4725	2	1
W15-4727	3	1
W15-4902	3	1
W15-4914	5	2
W15-4917	3	1
W15-4919	3	1
W15-5107	5	2
W15-5117	9	1
W15-5119	4	1
W15-5302	4	1
W15-5310	6	1
W15-5404	3	2
W15-5408	3	2
W15-5411	4	1
W15-5413	2	1
W15-5506	2	1
W15-5907	3	1
W15-5930	2	1
W15-5947	9	1
W15-5951	5	4
W16-0103	3	2
W16-0204	2	1
W16-0307	7	1
W16-0308	7	1
W16-0309	7	1
W16-0310	6	2
W16-0404	7	4
W16-0412	4	1
W16-0416	4	1
W16-0419	4	1
W16-0421	6	1
W16-0423	5	1
W16-0505	2	1
W16-0508	3	1
W16-0511	3	1
W16-0528	4	1
W16-0531	3	1
W16-0603	2	1
W16-0707	2	1
W16-0710	6	4
W16-1004	11	10
W16-1102	2	1
W16-1104	2	1
W16-1303	7	6
W16-1306	2	1
W16-2206	6	1
W16-2207	3	1
W16-2208	4	1
W16-2210	4	1
W16-2212	4	2
W16-2213	4	1
W16-2301	21	1
W16-2303	4	2
W16-2304	8	1
W16-2313	7	5
W16-2314	7	2
W16-2317	7	1
W16-2321	4	1
W16-2322	2	1
W16-2324	3	1
W16-2325	4	2
W16-2326	7	1
W16-2329	4	1
W16-2337	3	1
W16-2339	5	4
W16-2340	2	1
W16-2342	4	1
W16-2347	2	1
W16-2358	8	5
W16-2372	4	1
W16-3301	2	1
W16-3302	5	1
W16-3601	2	1
W16-3605	6	3
W16-3610	6	1
W16-3613	5	1
W16-3616	3	1
W16-3621	4	1
W16-3623	9	2
W16-3630	4	3
W16-3632	5	1
W16-3637	2	1
W16-3640	5	1
W16-3645	3	1
W16-3646	3	1
W16-3701	5	1
W16-3811	3	2
W16-3905	3	1
W16-3917	3	1
W16-3923	4	1
W16-3929	5	1
W16-4006	2	1
W16-4008	3	1
W16-4011	7	1
W16-4020	3	2
W16-4021	4	1
W16-4022	3	2
W16-4023	2	1
W16-4110	3	1
W16-4111	2	1
W16-4122	3	1
W16-4201	6	1
W16-4207	8	6
W16-4210	9	2
W16-4213	4	1
W16-4312	4	3
W16-4318	3	1
W16-4320	4	2
W16-4602	4	1
W16-4607	3	1
W16-4612	4	1
W16-4620	4	1
W16-4801	6	1
W16-4813	4	2
W16-4828	4	3
W16-4903	3	1
W16-4910	4	3
W16-4920	5	1
W16-5104	3	1
W16-5105	2	1
W16-5108	5	2
W16-5113	6	3
W16-5114	4	1
W16-5115	4	3
W16-5401	3	1
W16-5406	2	1
W16-5412	3	2
W16-5614	3	2
W16-5811	3	1
W16-5903	2	1
W16-5905	3	1
W16-6103	4	1
W16-6106	5	1
W16-6108	3	2
W16-6110	4	3
W16-6204	3	2
W16-6305	3	2
W16-6328	3	2
W16-6404	5	1
W16-6610	7	4
W16-6623	2	1
W16-6642	2	1
W17-0105	3	2
W17-0106	13	12
W17-0121	2	1
W17-0212	3	2
W17-0215	7	1
W17-0218	5	1
W17-0220	4	2
W17-0608	6	1
W17-0701	4	1
W17-0806	5	3
W17-0808	7	1
W17-0810	6	3
W17-0901	4	1
W17-0908	9	1
W17-1001	8	1
W17-1003	3	1
W17-1104	4	1
W17-1201	8	1
W17-1307	4	2
W17-1312	3	2
W17-1319	6	3
W17-1503	2	1
W17-1609	3	2
W17-1612	3	2
W17-1613	4	2
W17-1702	4	2
W17-1704	11	1
W17-1715	7	1
W17-1803	2	1
W17-1908	4	1
W17-1912	3	2
W17-2003	3	1
W17-2208	4	1
W17-2213	6	1
W17-2214	3	1
W17-2301	5	1
W17-2306	5	1
W17-2310	6	1
W17-2311	5	2
W17-2312	3	1
W17-2317	3	1
W17-2319	5	1
W17-2320	4	2
W17-2336	5	1
W17-2337	2	1
W17-2341	5	3
W17-2344	4	1
W17-2347	7	1
W17-2348	5	2
W17-2401	5	2
W17-2403	3	2
W17-2409	7	1
W17-2410	2	1
W17-2617	2	1
W17-2618	3	1
W17-2621	2	1
W17-2624	5	1
W17-2626	4	1
W17-2627	4	1
W17-2628	3	2
W17-2707	9	1
W17-2709	4	1
W17-2807	4	1
W17-2808	9	1
W17-2809	7	1
W17-2812	10	1
W17-3003	4	2
W17-3009	5	1
W17-3103	5	1
W17-3108	3	2
W17-3205	4	1
W17-3525	3	1
W17-3528	4	1
W17-4103	2	1
W17-4107	2	1
W17-4111	2	1
W17-4201	6	3
W17-4203	5	4
W17-4206	6	1
W17-4210	4	2
W17-4212	5	1
W17-4215	3	2
W17-4305	5	1
W17-4308	4	1
W17-4402	5	2
W17-4410	3	1
W17-4422	2	1
W17-4505	2	1
W17-4507	3	1
W17-4510	3	1
W17-4601	4	1
W17-4604	3	2
W17-4607	5	1
W17-4702	3	1
W17-4703	5	1
W17-4705	2	1
W17-4708	2	1
W17-4711	2	1
W17-4717	16	1
W17-4718	5	4
W17-4719	16	1
W17-4720	5	1
W17-4721	5	1
W17-4722	10	1
W17-4726	6	2
W17-4727	3	1
W17-4728	8	2
W17-4732	7	2
W17-4733	5	1
W17-4734	16	1
W17-4735	8	1
W17-4736	6	1
W17-4739	8	1
W17-4742	9	4
W17-4746	9	5
W17-4753	5	2
W17-4756	7	1
W17-4757	5	1
W17-4769	5	2
W17-4773	6	1
W17-4805	3	1
W17-4811	2	1
W17-4910	2	1
W17-5007	8	4
W17-5008	2	1
W17-5014	2	1
W17-5017	5	1
W17-5032	4	1
W17-5045	3	1
W17-5049	2	1
W17-5102	5	4
W17-5105	2	1
W17-5106	10	1
W17-5112	7	3
W17-5114	2	1
W17-5115	5	1
W17-5203	5	2
W17-5220	3	1
W17-5221	4	2
W17-5224	4	1
W17-5304	3	1
W17-5401	4	2
W17-5403	3	2
W17-5405	8	1
W17-5505	4	1
W17-5507	5	1
W17-5512	8	2
W17-5513	3	1
W17-5516	6	1
W17-5520	3	2
W17-5526	8	1
W17-5601	5	1
W17-5705	2	1
W17-5709	5	1
W17-5713	3	1
W17-5804	10	1
W17-5805	4	1
W17-5806	11	1
W17-5809	3	1
W17-5901	8	1
W17-5904	6	4
W17-5907	6	5
W17-6004	3	1
W17-6209	3	1
W17-6309	3	2
W17-6311	4	1
W17-6314	3	1